id,姓名,电话,邮箱,单位
21,童绮琴,15214774448,airship@hotmail.com,上海易利生物科技有限公司
35,酆友容,13628470609,akoblin@sbcglobal.net,上海科兴商贸有限公司
25,皮谷之,18247059369,bartak@verizon.net,上海易利生物科技有限公司
32,诸葛弘雅,13840943293,bdthomas@icloud.com,上海易利生物科技有限公司
12,呼延寻桃,13110648948,cameron@outlook.com,上海科兴商贸有限公司
8,甄心诺,15321116656,caronni@sbcglobal.net,上海沪峰化工有限公司
2,温靖易,13261593855,chaffar@outlook.com,上海沪峰化工有限公司
37,多思菱,15225229414,chinthaka@icloud.com,上海沪峰化工有限公司
34,风凝雁,17341050242,corrada@mac.com,上海科兴商贸有限公司
13,娄昊英,15655079876,cyrus@gmail.com,上海易利生物科技有限公司
1,亥恺乐,13195324879,dbanarse@yahoo.com,上海沪峰化工有限公司
14,校惜文,15233340083,dbanarse@yahoo.com,上海沪峰化工有限公司
9,祝文漪,13187777930,dkasak@gmail.com,上海科兴商贸有限公司
4,析梦菡,13630043504,dunstan@optonline.net,上海沪峰化工有限公司
19,卞锐翰,14715765181,dwheeler@mac.com,上海沪峰化工有限公司
6,脱迎波,15330628640,eidac@aol.com,上海泛柯实业有限公司
29,剧星星,13710214359,emcleod@att.net,上海沪峰化工有限公司
26,翠夜玉,13971574519,engelen@msn.com,上海易利生物科技有限公司
31,天忻然,17727136624,euice@optonline.net,上海沪峰化工有限公司
36,镜梦桃,17357995498,frosal@att.net,上海易利生物科技有限公司
30,疏春燕,13834508923,jaarnial@att.net,上海易利生物科技有限公司
15,亓佩兰,15014408543,jgoerzen@optonline.net,上海科兴商贸有限公司
10,澹台高丽,15800230091,jlbaumga@verizon.net,上海易利生物科技有限公司
38,何笑天,19983207129,nichoj@mac.com,上海沪峰化工有限公司
33,劳博学,16619971165,njpayne@aol.com,上海易利生物科技有限公司
7,毓雨梅,15200153084,north@yahoo.com,上海沪峰化工有限公司
11,裴冬卉,13432385743,papathan@yahoo.com,上海易利生物科技有限公司
16,祖海亦,15826194432,pgottsch@mac.com,上海沪峰化工有限公司
39,东郭勇捷,15981589845,ribet@yahoo.com,上海科兴商贸有限公司
17,汲慧颖,18434298371,rwelty@gmail.com,上海易利生物科技有限公司
23,明静安,18737113982,sburke@optonline.net,上海沪峰化工有限公司
3,考依玉,13922324309,terjesa@icloud.com,上海科兴商贸有限公司
27,岳秀婉,15399936522,tmaek@comcast.net,上海科兴生物科技有限公司
22,闳芳苓,13600074749,tmccarth@comcast.net,上海易利生物科技有限公司
20,江天薇,13901845032,violinhi@comcast.net,上海沪峰化工有限公司
5,侍语雪,13751367709,violinhi@live.com,上海沪峰化工有限公司
18,端木孤菱,15532433238,weazelman@hotmail.com,上海易利生物科技有限公司
28,声恨之,13841799632,wildixon@icloud.com,上海科兴商贸有限公司
24,夕项明,15255267777,willg@yahoo.com,上海易利生物科技有限公司
