商品ID,商品名称,实际库存量,商品类别
1001,牙膏,29,日用品
1007,可乐,73,饮料
1014,茶,99,饮料
1015,方便面,75,食品
1025,电池,26,日用品
1034,铅笔,88,文具
1040,橡皮,61,文具
1044,面包,97,食品
1052,饼干,57,食品
1058,巧克力,15,食品
1064,牙刷,6,食品
1068,玻璃杯,0,日用品
1074,餐巾纸,0,日用品
1078,吸管,72,日用品
1081,作业本,59,文具
1086,尺子,55,文具
1088,糖,58,食品
1093,盐,89,食品
1099,榨菜,81,食品
1100,火腿肠,41,食品
1104,冰激凌,0,食品
1106,鼠标,21,文具
1115,酱豆腐,56,食品
1116,筷子,93,日用品
1123,勺子,5,日用品
1129,毛巾,32,日用品
1137,被单,66,日用品
1138,拖鞋,77,日用品
1147,刷子,57,日用品
